work_order_id,cluster
WO-0000000,-1
WO-0000001,-1
WO-0000002,-1
WO-0000003,-1
WO-0000004,-1
WO-0000005,-1
WO-0000006,-1
WO-0000007,-1
WO-0000008,-1
WO-0000009,-1
WO-0000010,-1
WO-0000011,-1
WO-0000012,-1
WO-0000013,-1
WO-0000014,-1
WO-0000015,-1
WO-0000016,-1
WO-0000017,-1
WO-0000018,-1
WO-0000019,-1
WO-0000020,-1
WO-0000021,-1
WO-0000022,-1
WO-0000023,-1
WO-0000024,-1
WO-0000025,-1
WO-0000026,-1
WO-0000027,-1
WO-0000028,-1
WO-0000029,0
WO-0000030,-1
WO-0000031,0
WO-0000032,-1
WO-0000033,-1
WO-0000034,-1
WO-0000035,-1
WO-0000036,-1
WO-0000037,-1
WO-0000038,-1
WO-0000039,-1
WO-0000040,-1
WO-0000041,-1
WO-0000042,-1
WO-0000043,-1
WO-0000044,-1
WO-0000045,-1
WO-0000046,-1
WO-0000047,-1
WO-0000048,-1
WO-0000049,-1
WO-0000050,-1
WO-0000051,-1
WO-0000052,-1
WO-0000053,-1
WO-0000054,-1
WO-0000055,-1
WO-0000056,0
WO-0000057,-1
WO-0000058,-1
WO-0000059,-1
WO-0000060,-1
WO-0000061,-1
WO-0000062,-1
WO-0000063,-1
WO-0000064,-1
WO-0000065,-1
WO-0000066,-1
WO-0000067,-1
WO-0000068,0
WO-0000069,-1
WO-0000070,-1
WO-0000071,-1
WO-0000072,-1
WO-0000073,-1
WO-0000074,0
WO-0000075,-1
WO-0000076,-1
WO-0000077,-1
WO-0000078,-1
WO-0000079,-1
WO-0000080,-1
WO-0000081,-1
WO-0000082,-1
WO-0000083,-1
WO-0000084,-1
WO-0000085,-1
WO-0000086,-1
WO-0000087,-1
WO-0000088,-1
WO-0000089,-1
WO-0000090,0
WO-0000091,-1
WO-0000092,0
WO-0000093,-1
WO-0000094,-1
WO-0000095,0
WO-0000096,-1
WO-0000097,-1
WO-0000098,-1
WO-0000099,-1
WO-0000100,-1
WO-0000101,0
WO-0000102,-1
WO-0000103,-1
WO-0000104,-1
WO-0000105,-1
WO-0000106,-1
WO-0000107,-1
WO-0000108,-1
WO-0000109,-1
WO-0000110,-1
WO-0000111,-1
WO-0000112,-1
WO-0000113,-1
WO-0000114,-1
WO-0000115,-1
WO-0000116,-1
WO-0000117,-1
WO-0000118,-1
WO-0000119,0
WO-0000120,-1
WO-0000121,-1
WO-0000122,-1
WO-0000123,-1
WO-0000124,-1
WO-0000125,-1
WO-0000126,-1
WO-0000127,-1
WO-0000128,-1
WO-0000129,-1
WO-0000130,-1
WO-0000131,-1
WO-0000132,-1
WO-0000133,-1
WO-0000134,-1
WO-0000135,-1
WO-0000136,-1
WO-0000137,-1
WO-0000138,0
WO-0000139,-1
WO-0000140,-1
WO-0000141,-1
WO-0000142,0
WO-0000143,-1
WO-0000144,-1
WO-0000145,-1
WO-0000146,-1
WO-0000147,-1
WO-0000148,-1
WO-0000149,-1
WO-0000150,-1
WO-0000151,-1
WO-0000152,-1
WO-0000153,-1
WO-0000154,-1
WO-0000155,0
WO-0000156,-1
WO-0000157,-1
WO-0000158,-1
WO-0000159,0
WO-0000160,-1
WO-0000161,-1
WO-0000162,-1
WO-0000163,-1
WO-0000164,-1
WO-0000165,-1
WO-0000166,-1
WO-0000167,-1
WO-0000168,0
WO-0000169,-1
WO-0000170,-1
WO-0000171,-1
WO-0000172,-1
WO-0000173,-1
WO-0000174,-1
WO-0000175,-1
WO-0000176,-1
WO-0000177,-1
WO-0000178,-1
WO-0000179,-1
WO-0000180,-1
WO-0000181,0
WO-0000182,-1
WO-0000183,-1
WO-0000184,-1
WO-0000185,-1
WO-0000186,-1
WO-0000187,0
WO-0000188,-1
WO-0000189,0
WO-0000190,0
WO-0000191,-1
WO-0000192,-1
WO-0000193,-1
WO-0000194,-1
WO-0000195,-1
WO-0000196,0
WO-0000197,0
WO-0000198,-1
WO-0000199,-1
WO-0000200,-1
WO-0000201,-1
WO-0000202,-1
WO-0000203,-1
WO-0000204,-1
WO-0000205,-1
WO-0000206,0
WO-0000207,0
WO-0000208,-1
WO-0000209,-1
WO-0000210,0
WO-0000211,-1
WO-0000212,-1
WO-0000213,-1
WO-0000214,-1
WO-0000215,-1
WO-0000216,-1
WO-0000217,-1
WO-0000218,-1
WO-0000219,-1
WO-0000220,0
WO-0000221,-1
WO-0000222,-1
WO-0000223,-1
WO-0000224,-1
WO-0000225,-1
WO-0000226,-1
WO-0000227,-1
WO-0000228,-1
WO-0000229,-1
WO-0000230,-1
WO-0000231,-1
WO-0000232,-1
WO-0000233,-1
WO-0000234,0
WO-0000235,-1
WO-0000236,-1
WO-0000237,-1
WO-0000238,-1
WO-0000239,-1
WO-0000240,-1
WO-0000241,-1
WO-0000242,-1
WO-0000243,0
WO-0000244,-1
WO-0000245,-1
WO-0000246,-1
WO-0000247,-1
WO-0000248,-1
WO-0000249,-1
WO-0000250,-1
WO-0000251,-1
WO-0000252,0
WO-0000253,-1
WO-0000254,-1
WO-0000255,-1
WO-0000256,-1
WO-0000257,-1
WO-0000258,-1
WO-0000259,0
WO-0000260,0
WO-0000261,0
WO-0000262,-1
WO-0000263,-1
WO-0000264,-1
WO-0000265,-1
WO-0000266,0
WO-0000267,0
WO-0000268,-1
WO-0000269,-1
WO-0000270,-1
WO-0000271,-1
WO-0000272,-1
WO-0000273,-1
WO-0000274,-1
WO-0000275,-1
WO-0000276,-1
WO-0000277,-1
WO-0000278,-1
WO-0000279,-1
WO-0000280,-1
WO-0000281,-1
WO-0000282,-1
WO-0000283,-1
WO-0000284,-1
WO-0000285,-1
WO-0000286,-1
WO-0000287,-1
WO-0000288,-1
WO-0000289,-1
WO-0000290,-1
WO-0000291,0
WO-0000292,-1
WO-0000293,-1
WO-0000294,-1
WO-0000295,-1
WO-0000296,-1
WO-0000297,-1
WO-0000298,-1
WO-0000299,-1
WO-0000300,-1
WO-0000301,-1
WO-0000302,-1
WO-0000303,-1
WO-0000304,-1
WO-0000305,-1
WO-0000306,-1
WO-0000307,-1
WO-0000308,-1
WO-0000309,-1
WO-0000310,-1
WO-0000311,-1
WO-0000312,-1
WO-0000313,-1
WO-0000314,-1
WO-0000315,-1
WO-0000316,-1
WO-0000317,-1
WO-0000318,-1
WO-0000319,-1
WO-0000320,-1
WO-0000321,-1
WO-0000322,-1
WO-0000323,-1
WO-0000324,-1
WO-0000325,-1
WO-0000326,-1
WO-0000327,0
WO-0000328,0
WO-0000329,-1
WO-0000330,0
WO-0000331,-1
WO-0000332,-1
WO-0000333,-1
WO-0000334,-1
WO-0000335,-1
WO-0000336,0
WO-0000337,-1
WO-0000338,-1
WO-0000339,-1
WO-0000340,-1
WO-0000341,-1
WO-0000342,-1
WO-0000343,-1
WO-0000344,-1
WO-0000345,-1
WO-0000346,0
WO-0000347,-1
WO-0000348,-1
WO-0000349,-1
WO-0000350,-1
WO-0000351,-1
WO-0000352,-1
WO-0000353,-1
WO-0000354,-1
WO-0000355,0
WO-0000356,-1
WO-0000357,-1
WO-0000358,0
WO-0000359,-1
WO-0000360,-1
WO-0000361,-1
WO-0000362,-1
WO-0000363,0
WO-0000364,-1
WO-0000365,-1
WO-0000366,-1
WO-0000367,-1
WO-0000368,-1
WO-0000369,-1
WO-0000370,-1
WO-0000371,-1
WO-0000372,0
WO-0000373,-1
WO-0000374,0
WO-0000375,-1
WO-0000376,0
WO-0000377,-1
WO-0000378,-1
WO-0000379,0
WO-0000380,-1
WO-0000381,-1
WO-0000382,-1
WO-0000383,0
WO-0000384,-1
WO-0000385,-1
WO-0000386,0
WO-0000387,-1
WO-0000388,-1
WO-0000389,-1
WO-0000390,-1
WO-0000391,-1
WO-0000392,-1
WO-0000393,-1
WO-0000394,-1
WO-0000395,-1
WO-0000396,-1
WO-0000397,-1
WO-0000398,0
WO-0000399,-1
WO-0000400,-1
WO-0000401,-1
WO-0000402,-1
WO-0000403,-1
WO-0000404,-1
WO-0000405,-1
WO-0000406,-1
WO-0000407,-1
WO-0000408,-1
WO-0000409,-1
WO-0000410,-1
WO-0000411,-1
WO-0000412,-1
WO-0000413,0
WO-0000414,-1
WO-0000415,-1
WO-0000416,-1
WO-0000417,-1
WO-0000418,-1
WO-0000419,-1
WO-0000420,-1
WO-0000421,-1
WO-0000422,-1
WO-0000423,-1
WO-0000424,-1
WO-0000425,-1
WO-0000426,-1
WO-0000427,-1
WO-0000428,-1
WO-0000429,-1
WO-0000430,-1
WO-0000431,0
WO-0000432,-1
WO-0000433,-1
WO-0000434,-1
WO-0000435,-1
WO-0000436,-1
WO-0000437,-1
WO-0000438,-1
WO-0000439,-1
WO-0000440,-1
WO-0000441,-1
WO-0000442,-1
WO-0000443,-1
WO-0000444,-1
WO-0000445,-1
WO-0000446,-1
WO-0000447,-1
WO-0000448,-1
WO-0000449,-1
WO-0000450,0
WO-0000451,-1
WO-0000452,-1
WO-0000453,0
WO-0000454,-1
WO-0000455,0
WO-0000456,-1
WO-0000457,-1
WO-0000458,-1
WO-0000459,0
WO-0000460,-1
WO-0000461,-1
WO-0000462,-1
WO-0000463,-1
WO-0000464,-1
WO-0000465,-1
WO-0000466,0
WO-0000467,-1
WO-0000468,-1
WO-0000469,-1
WO-0000470,-1
WO-0000471,-1
WO-0000472,-1
WO-0000473,-1
WO-0000474,-1
WO-0000475,-1
WO-0000476,0
WO-0000477,0
WO-0000478,-1
WO-0000479,-1
WO-0000480,-1
WO-0000481,-1
WO-0000482,-1
WO-0000483,-1
WO-0000484,-1
WO-0000485,-1
WO-0000486,-1
WO-0000487,-1
WO-0000488,-1
WO-0000489,-1
WO-0000490,-1
WO-0000491,-1
WO-0000492,-1
WO-0000493,-1
WO-0000494,-1
WO-0000495,-1
WO-0000496,-1
WO-0000497,-1
WO-0000498,0
WO-0000499,-1
WO-0000500,-1
WO-0000501,-1
WO-0000502,-1
WO-0000503,-1
WO-0000504,-1
WO-0000505,-1
WO-0000506,-1
WO-0000507,0
WO-0000508,-1
WO-0000509,-1
WO-0000510,-1
WO-0000511,-1
WO-0000512,-1
WO-0000513,-1
WO-0000514,-1
WO-0000515,-1
WO-0000516,-1
WO-0000517,-1
WO-0000518,-1
WO-0000519,-1
WO-0000520,-1
WO-0000521,-1
WO-0000522,-1
WO-0000523,-1
WO-0000524,-1
WO-0000525,-1
WO-0000526,-1
WO-0000527,0
WO-0000528,-1
WO-0000529,-1
WO-0000530,-1
WO-0000531,-1
WO-0000532,-1
WO-0000533,-1
WO-0000534,-1
WO-0000535,-1
WO-0000536,-1
WO-0000537,-1
WO-0000538,-1
WO-0000539,-1
WO-0000540,-1
WO-0000541,-1
WO-0000542,-1
WO-0000543,-1
WO-0000544,-1
WO-0000545,-1
WO-0000546,-1
WO-0000547,-1
WO-0000548,0
WO-0000549,-1
WO-0000550,0
WO-0000551,0
WO-0000552,-1
WO-0000553,0
WO-0000554,-1
WO-0000555,-1
WO-0000556,-1
WO-0000557,-1
WO-0000558,-1
WO-0000559,-1
WO-0000560,-1
WO-0000561,-1
WO-0000562,-1
WO-0000563,-1
WO-0000564,-1
WO-0000565,-1
WO-0000566,-1
WO-0000567,-1
WO-0000568,-1
WO-0000569,-1
WO-0000570,-1
WO-0000571,-1
WO-0000572,-1
WO-0000573,0
WO-0000574,-1
WO-0000575,-1
WO-0000576,0
WO-0000577,0
WO-0000578,-1
WO-0000579,-1
WO-0000580,-1
WO-0000581,-1
WO-0000582,-1
WO-0000583,0
WO-0000584,-1
WO-0000585,0
WO-0000586,-1
WO-0000587,0
WO-0000588,-1
WO-0000589,-1
WO-0000590,-1
WO-0000591,-1
WO-0000592,0
WO-0000593,-1
WO-0000594,-1
WO-0000595,0
WO-0000596,-1
WO-0000597,-1
WO-0000598,-1
WO-0000599,-1
WO-0000600,-1
WO-0000601,-1
WO-0000602,-1
WO-0000603,-1
WO-0000604,-1
WO-0000605,-1
WO-0000606,-1
WO-0000607,-1
WO-0000608,-1
WO-0000609,0
WO-0000610,-1
WO-0000611,-1
WO-0000612,-1
WO-0000613,-1
WO-0000614,-1
WO-0000615,0
WO-0000616,-1
WO-0000617,0
WO-0000618,0
WO-0000619,-1
WO-0000620,-1
WO-0000621,-1
WO-0000622,-1
WO-0000623,-1
WO-0000624,-1
WO-0000625,-1
WO-0000626,1
WO-0000627,0
WO-0000628,-1
WO-0000629,-1
WO-0000630,0
WO-0000631,-1
WO-0000632,-1
WO-0000633,-1
WO-0000634,-1
WO-0000635,-1
WO-0000636,-1
WO-0000637,-1
WO-0000638,0
WO-0000639,-1
WO-0000640,-1
WO-0000641,-1
WO-0000642,-1
WO-0000643,-1
WO-0000644,-1
WO-0000645,-1
WO-0000646,-1
WO-0000647,-1
WO-0000648,-1
WO-0000649,-1
WO-0000650,-1
WO-0000651,-1
WO-0000652,-1
WO-0000653,-1
WO-0000654,0
WO-0000655,-1
WO-0000656,-1
WO-0000657,0
WO-0000658,-1
WO-0000659,-1
WO-0000660,-1
WO-0000661,-1
WO-0000662,0
WO-0000663,-1
WO-0000664,-1
WO-0000665,-1
WO-0000666,-1
WO-0000667,-1
WO-0000668,-1
WO-0000669,-1
WO-0000670,-1
WO-0000671,0
WO-0000672,-1
WO-0000673,-1
WO-0000674,-1
WO-0000675,0
WO-0000676,-1
WO-0000677,0
WO-0000678,-1
WO-0000679,-1
WO-0000680,-1
WO-0000681,-1
WO-0000682,-1
WO-0000683,-1
WO-0000684,-1
WO-0000685,-1
WO-0000686,-1
WO-0000687,-1
WO-0000688,-1
WO-0000689,-1
WO-0000690,-1
WO-0000691,-1
WO-0000692,-1
WO-0000693,0
WO-0000694,-1
WO-0000695,-1
WO-0000696,-1
WO-0000697,-1
WO-0000698,-1
WO-0000699,-1
WO-0000700,-1
WO-0000701,-1
WO-0000702,-1
WO-0000703,-1
WO-0000704,-1
WO-0000705,-1
WO-0000706,0
WO-0000707,0
WO-0000708,-1
WO-0000709,-1
WO-0000710,-1
WO-0000711,-1
WO-0000712,-1
WO-0000713,-1
WO-0000714,-1
WO-0000715,-1
WO-0000716,-1
WO-0000717,-1
WO-0000718,-1
WO-0000719,0
WO-0000720,-1
WO-0000721,-1
WO-0000722,-1
WO-0000723,-1
WO-0000724,-1
WO-0000725,-1
WO-0000726,0
WO-0000727,-1
WO-0000728,-1
WO-0000729,-1
WO-0000730,-1
WO-0000731,-1
WO-0000732,-1
WO-0000733,-1
WO-0000734,-1
WO-0000735,-1
WO-0000736,-1
WO-0000737,-1
WO-0000738,-1
WO-0000739,-1
WO-0000740,-1
WO-0000741,-1
WO-0000742,-1
WO-0000743,-1
WO-0000744,-1
WO-0000745,-1
WO-0000746,-1
WO-0000747,-1
WO-0000748,-1
WO-0000749,-1
WO-0000750,-1
WO-0000751,-1
WO-0000752,0
WO-0000753,-1
WO-0000754,-1
WO-0000755,0
WO-0000756,-1
WO-0000757,-1
WO-0000758,-1
WO-0000759,-1
WO-0000760,-1
WO-0000761,-1
WO-0000762,-1
WO-0000763,-1
WO-0000764,-1
WO-0000765,-1
WO-0000766,-1
WO-0000767,-1
WO-0000768,0
WO-0000769,-1
WO-0000770,-1
WO-0000771,0
WO-0000772,-1
WO-0000773,-1
WO-0000774,0
WO-0000775,0
WO-0000776,-1
WO-0000777,-1
WO-0000778,-1
WO-0000779,-1
WO-0000780,-1
WO-0000781,-1
WO-0000782,-1
WO-0000783,-1
WO-0000784,-1
WO-0000785,-1
WO-0000786,-1
WO-0000787,-1
WO-0000788,-1
WO-0000789,-1
WO-0000790,-1
WO-0000791,0
WO-0000792,-1
WO-0000793,-1
WO-0000794,-1
WO-0000795,-1
WO-0000796,-1
WO-0000797,0
WO-0000798,-1
WO-0000799,-1
WO-0000800,-1
WO-0000801,-1
WO-0000802,-1
WO-0000803,-1
WO-0000804,-1
WO-0000805,-1
WO-0000806,-1
WO-0000807,-1
WO-0000808,0
WO-0000809,-1
WO-0000810,-1
WO-0000811,0
WO-0000812,-1
WO-0000813,0
WO-0000814,-1
WO-0000815,0
WO-0000816,-1
WO-0000817,-1
WO-0000818,-1
WO-0000819,0
WO-0000820,-1
WO-0000821,-1
WO-0000822,0
WO-0000823,-1
WO-0000824,-1
WO-0000825,-1
WO-0000826,-1
WO-0000827,-1
WO-0000828,-1
WO-0000829,-1
WO-0000830,-1
WO-0000831,-1
WO-0000832,0
WO-0000833,-1
WO-0000834,0
WO-0000835,-1
WO-0000836,-1
WO-0000837,-1
WO-0000838,-1
WO-0000839,-1
WO-0000840,-1
WO-0000841,-1
WO-0000842,-1
WO-0000843,-1
WO-0000844,-1
WO-0000845,-1
WO-0000846,-1
WO-0000847,-1
WO-0000848,-1
WO-0000849,-1
WO-0000850,-1
WO-0000851,-1
WO-0000852,-1
WO-0000853,-1
WO-0000854,-1
WO-0000855,0
WO-0000856,-1
WO-0000857,-1
WO-0000858,0
WO-0000859,-1
WO-0000860,-1
WO-0000861,-1
WO-0000862,-1
WO-0000863,1
WO-0000864,-1
WO-0000865,-1
WO-0000866,0
WO-0000867,0
WO-0000868,-1
WO-0000869,0
WO-0000870,-1
WO-0000871,-1
WO-0000872,-1
WO-0000873,-1
WO-0000874,-1
WO-0000875,-1
WO-0000876,-1
WO-0000877,-1
WO-0000878,-1
WO-0000879,-1
WO-0000880,-1
WO-0000881,-1
WO-0000882,-1
WO-0000883,-1
WO-0000884,-1
WO-0000885,-1
WO-0000886,-1
WO-0000887,-1
WO-0000888,-1
WO-0000889,-1
WO-0000890,-1
WO-0000891,-1
WO-0000892,-1
WO-0000893,-1
WO-0000894,-1
WO-0000895,-1
WO-0000896,0
WO-0000897,0
WO-0000898,-1
WO-0000899,-1
WO-0000900,-1
WO-0000901,-1
WO-0000902,-1
WO-0000903,-1
WO-0000904,0
WO-0000905,-1
WO-0000906,-1
WO-0000907,-1
WO-0000908,-1
WO-0000909,-1
WO-0000910,-1
WO-0000911,-1
WO-0000912,-1
WO-0000913,-1
WO-0000914,-1
WO-0000915,-1
WO-0000916,-1
WO-0000917,-1
WO-0000918,0
WO-0000919,0
WO-0000920,-1
WO-0000921,-1
WO-0000922,-1
WO-0000923,0
WO-0000924,-1
WO-0000925,-1
WO-0000926,-1
WO-0000927,0
WO-0000928,-1
WO-0000929,-1
WO-0000930,-1
WO-0000931,-1
WO-0000932,-1
WO-0000933,-1
WO-0000934,-1
WO-0000935,-1
WO-0000936,-1
WO-0000937,-1
WO-0000938,-1
WO-0000939,-1
WO-0000940,-1
WO-0000941,-1
WO-0000942,-1
WO-0000943,-1
WO-0000944,-1
WO-0000945,-1
WO-0000946,-1
WO-0000947,-1
WO-0000948,-1
WO-0000949,-1
WO-0000950,-1
WO-0000951,-1
WO-0000952,0
WO-0000953,-1
WO-0000954,-1
WO-0000955,0
WO-0000956,-1
WO-0000957,-1
WO-0000958,-1
WO-0000959,-1
WO-0000960,-1
WO-0000961,-1
WO-0000962,-1
WO-0000963,-1
WO-0000964,-1
WO-0000965,0
WO-0000966,-1
WO-0000967,-1
WO-0000968,-1
WO-0000969,-1
WO-0000970,0
WO-0000971,-1
WO-0000972,-1
WO-0000973,-1
WO-0000974,-1
WO-0000975,-1
WO-0000976,-1
WO-0000977,-1
WO-0000978,-1
WO-0000979,-1
WO-0000980,-1
WO-0000981,-1
WO-0000982,-1
WO-0000983,-1
WO-0000984,-1
WO-0000985,-1
WO-0000986,-1
WO-0000987,-1
WO-0000988,-1
WO-0000989,-1
WO-0000990,-1
WO-0000991,-1
WO-0000992,-1
WO-0000993,-1
WO-0000994,-1
WO-0000995,-1
WO-0000996,-1
WO-0000997,-1
WO-0000998,-1
WO-0000999,-1
WO-0001000,-1
WO-0001001,-1
WO-0001002,-1
WO-0001003,-1
WO-0001004,-1
WO-0001005,-1
WO-0001006,-1
WO-0001007,-1
WO-0001008,-1
WO-0001009,-1
WO-0001010,0
WO-0001011,-1
WO-0001012,0
WO-0001013,-1
WO-0001014,-1
WO-0001015,-1
WO-0001016,-1
WO-0001017,-1
WO-0001018,-1
WO-0001019,0
WO-0001020,-1
WO-0001021,-1
WO-0001022,-1
WO-0001023,-1
WO-0001024,-1
WO-0001025,-1
WO-0001026,-1
WO-0001027,-1
WO-0001028,-1
WO-0001029,-1
WO-0001030,-1
WO-0001031,-1
WO-0001032,-1
WO-0001033,-1
WO-0001034,-1
WO-0001035,-1
WO-0001036,-1
WO-0001037,-1
WO-0001038,-1
WO-0001039,-1
WO-0001040,-1
WO-0001041,-1
WO-0001042,-1
WO-0001043,0
WO-0001044,-1
WO-0001045,-1
WO-0001046,-1
WO-0001047,-1
WO-0001048,-1
WO-0001049,-1
WO-0001050,-1
WO-0001051,0
WO-0001052,-1
WO-0001053,-1
WO-0001054,0
WO-0001055,-1
WO-0001056,-1
WO-0001057,-1
WO-0001058,-1
WO-0001059,-1
WO-0001060,-1
WO-0001061,0
WO-0001062,-1
WO-0001063,-1
WO-0001064,-1
WO-0001065,-1
WO-0001066,-1
WO-0001067,-1
WO-0001068,-1
WO-0001069,-1
WO-0001070,-1
WO-0001071,-1
WO-0001072,-1
WO-0001073,-1
WO-0001074,-1
WO-0001075,-1
WO-0001076,-1
WO-0001077,-1
WO-0001078,0
WO-0001079,-1
WO-0001080,-1
WO-0001081,-1
WO-0001082,-1
WO-0001083,-1
WO-0001084,-1
WO-0001085,-1
WO-0001086,-1
WO-0001087,-1
WO-0001088,-1
WO-0001089,-1
WO-0001090,-1
WO-0001091,-1
WO-0001092,-1
WO-0001093,-1
WO-0001094,-1
WO-0001095,-1
WO-0001096,-1
WO-0001097,-1
WO-0001098,-1
WO-0001099,-1
WO-0001100,0
WO-0001101,-1
WO-0001102,-1
WO-0001103,-1
WO-0001104,-1
WO-0001105,-1
WO-0001106,-1
WO-0001107,-1
WO-0001108,-1
WO-0001109,0
WO-0001110,-1
WO-0001111,-1
WO-0001112,-1
WO-0001113,0
WO-0001114,-1
WO-0001115,-1
WO-0001116,0
WO-0001117,0
WO-0001118,-1
WO-0001119,-1
WO-0001120,0
WO-0001121,-1
WO-0001122,-1
WO-0001123,0
WO-0001124,-1
WO-0001125,-1
WO-0001126,-1
WO-0001127,-1
WO-0001128,-1
WO-0001129,-1
WO-0001130,-1
WO-0001131,-1
WO-0001132,-1
WO-0001133,0
WO-0001134,-1
WO-0001135,-1
WO-0001136,-1
WO-0001137,-1
WO-0001138,0
WO-0001139,-1
WO-0001140,-1
WO-0001141,-1
WO-0001142,-1
WO-0001143,-1
WO-0001144,-1
WO-0001145,-1
WO-0001146,-1
WO-0001147,-1
WO-0001148,-1
WO-0001149,-1
WO-0001150,-1
WO-0001151,-1
WO-0001152,-1
WO-0001153,-1
WO-0001154,-1
WO-0001155,-1
WO-0001156,-1
WO-0001157,-1
WO-0001158,0
WO-0001159,-1
WO-0001160,-1
WO-0001161,-1
WO-0001162,-1
WO-0001163,-1
WO-0001164,-1
WO-0001165,-1
WO-0001166,-1
WO-0001167,-1
WO-0001168,0
WO-0001169,-1
WO-0001170,-1
WO-0001171,-1
WO-0001172,-1
WO-0001173,-1
WO-0001174,-1
WO-0001175,-1
WO-0001176,-1
WO-0001177,-1
WO-0001178,-1
WO-0001179,-1
WO-0001180,-1
WO-0001181,-1
WO-0001182,0
WO-0001183,-1
WO-0001184,0
WO-0001185,-1
WO-0001186,-1
WO-0001187,-1
WO-0001188,-1
WO-0001189,-1
WO-0001190,-1
WO-0001191,-1
WO-0001192,0
WO-0001193,-1
WO-0001194,-1
WO-0001195,-1
WO-0001196,-1
WO-0001197,-1
WO-0001198,-1
WO-0001199,-1
WO-0001200,-1
WO-0001201,-1
WO-0001202,0
WO-0001203,0
WO-0001204,-1
WO-0001205,-1
WO-0001206,-1
WO-0001207,-1
WO-0001208,-1
WO-0001209,-1
WO-0001210,-1
WO-0001211,-1
WO-0001212,-1
WO-0001213,-1
WO-0001214,-1
WO-0001215,0
WO-0001216,-1
WO-0001217,-1
WO-0001218,-1
WO-0001219,-1
WO-0001220,-1
WO-0001221,0
WO-0001222,-1
WO-0001223,-1
WO-0001224,-1
WO-0001225,-1
WO-0001226,-1
WO-0001227,-1
WO-0001228,-1
WO-0001229,-1
WO-0001230,-1
WO-0001231,0
WO-0001232,-1
WO-0001233,0
WO-0001234,-1
WO-0001235,-1
WO-0001236,-1
WO-0001237,-1
WO-0001238,0
WO-0001239,0
WO-0001240,-1
WO-0001241,-1
WO-0001242,-1
WO-0001243,-1
WO-0001244,0
WO-0001245,-1
WO-0001246,-1
WO-0001247,-1
WO-0001248,-1
WO-0001249,-1
WO-0001250,-1
WO-0001251,-1
WO-0001252,-1
WO-0001253,-1
WO-0001254,0
WO-0001255,-1
WO-0001256,-1
WO-0001257,-1
WO-0001258,-1
WO-0001259,0
WO-0001260,-1
WO-0001261,-1
WO-0001262,-1
WO-0001263,-1
WO-0001264,-1
WO-0001265,-1
WO-0001266,-1
WO-0001267,-1
WO-0001268,-1
WO-0001269,-1
WO-0001270,-1
WO-0001271,-1
WO-0001272,-1
WO-0001273,-1
WO-0001274,-1
WO-0001275,-1
WO-0001276,-1
WO-0001277,-1
WO-0001278,-1
WO-0001279,-1
WO-0001280,-1
WO-0001281,-1
WO-0001282,-1
WO-0001283,-1
WO-0001284,-1
WO-0001285,-1
WO-0001286,-1
WO-0001287,-1
WO-0001288,-1
WO-0001289,-1
WO-0001290,-1
WO-0001291,-1
WO-0001292,0
WO-0001293,-1
WO-0001294,0
WO-0001295,-1
WO-0001296,-1
WO-0001297,-1
WO-0001298,-1
WO-0001299,-1
WO-0001300,-1
WO-0001301,-1
WO-0001302,-1
WO-0001303,-1
WO-0001304,-1
WO-0001305,-1
WO-0001306,-1
WO-0001307,0
WO-0001308,-1
WO-0001309,-1
WO-0001310,-1
WO-0001311,-1
WO-0001312,-1
WO-0001313,-1
WO-0001314,0
WO-0001315,-1
WO-0001316,-1
WO-0001317,-1
WO-0001318,-1
WO-0001319,-1
WO-0001320,-1
WO-0001321,-1
WO-0001322,-1
WO-0001323,-1
WO-0001324,-1
WO-0001325,0
WO-0001326,-1
WO-0001327,-1
WO-0001328,-1
WO-0001329,-1
WO-0001330,-1
WO-0001331,-1
WO-0001332,-1
WO-0001333,-1
WO-0001334,-1
WO-0001335,-1
WO-0001336,0
WO-0001337,-1
WO-0001338,-1
WO-0001339,-1
WO-0001340,-1
WO-0001341,-1
WO-0001342,-1
WO-0001343,-1
WO-0001344,-1
WO-0001345,-1
WO-0001346,-1
WO-0001347,-1
WO-0001348,-1
WO-0001349,-1
WO-0001350,-1
WO-0001351,0
WO-0001352,-1
WO-0001353,-1
WO-0001354,-1
WO-0001355,-1
WO-0001356,-1
WO-0001357,-1
WO-0001358,-1
WO-0001359,-1
WO-0001360,-1
WO-0001361,-1
WO-0001362,-1
WO-0001363,-1
WO-0001364,-1
WO-0001365,-1
WO-0001366,-1
WO-0001367,-1
WO-0001368,-1
WO-0001369,-1
WO-0001370,-1
WO-0001371,-1
WO-0001372,-1
WO-0001373,-1
WO-0001374,-1
WO-0001375,-1
WO-0001376,-1
WO-0001377,-1
WO-0001378,-1
WO-0001379,-1
WO-0001380,-1
WO-0001381,-1
WO-0001382,-1
WO-0001383,0
WO-0001384,-1
WO-0001385,-1
WO-0001386,-1
WO-0001387,0
WO-0001388,-1
WO-0001389,-1
WO-0001390,-1
WO-0001391,0
WO-0001392,-1
WO-0001393,-1
WO-0001394,-1
WO-0001395,0
WO-0001396,-1
WO-0001397,-1
WO-0001398,-1
WO-0001399,-1
WO-0001400,-1
WO-0001401,-1
WO-0001402,-1
WO-0001403,-1
WO-0001404,-1
WO-0001405,-1
WO-0001406,-1
WO-0001407,-1
WO-0001408,-1
WO-0001409,-1
WO-0001410,-1
WO-0001411,-1
WO-0001412,-1
WO-0001413,-1
WO-0001414,-1
WO-0001415,-1
WO-0001416,-1
WO-0001417,0
WO-0001418,-1
WO-0001419,0
WO-0001420,-1
WO-0001421,-1
WO-0001422,-1
WO-0001423,-1
WO-0001424,-1
WO-0001425,0
WO-0001426,-1
WO-0001427,-1
WO-0001428,-1
WO-0001429,-1
WO-0001430,-1
WO-0001431,-1
WO-0001432,-1
WO-0001433,1
WO-0001434,-1
WO-0001435,-1
WO-0001436,-1
WO-0001437,0
WO-0001438,0
WO-0001439,-1
WO-0001440,0
WO-0001441,-1
WO-0001442,-1
WO-0001443,-1
WO-0001444,-1
WO-0001445,-1
WO-0001446,0
WO-0001447,-1
WO-0001448,-1
WO-0001449,-1
WO-0001450,0
WO-0001451,-1
WO-0001452,-1
WO-0001453,-1
WO-0001454,-1
WO-0001455,-1
WO-0001456,-1
WO-0001457,-1
WO-0001458,-1
WO-0001459,-1
WO-0001460,-1
WO-0001461,-1
WO-0001462,0
WO-0001463,-1
WO-0001464,-1
WO-0001465,-1
WO-0001466,-1
WO-0001467,-1
WO-0001468,-1
WO-0001469,-1
WO-0001470,-1
WO-0001471,-1
WO-0001472,-1
WO-0001473,-1
WO-0001474,-1
WO-0001475,-1
WO-0001476,-1
WO-0001477,-1
WO-0001478,-1
WO-0001479,-1
WO-0001480,0
WO-0001481,-1
WO-0001482,0
WO-0001483,-1
WO-0001484,-1
WO-0001485,-1
WO-0001486,-1
WO-0001487,-1
WO-0001488,-1
WO-0001489,-1
WO-0001490,-1
WO-0001491,-1
WO-0001492,-1
WO-0001493,-1
WO-0001494,-1
WO-0001495,-1
WO-0001496,-1
WO-0001497,0
WO-0001498,-1
WO-0001499,-1
WO-0001500,-1
WO-0001501,-1
WO-0001502,-1
WO-0001503,-1
WO-0001504,-1
WO-0001505,-1
WO-0001506,-1
WO-0001507,-1
WO-0001508,-1
WO-0001509,-1
WO-0001510,-1
WO-0001511,-1
WO-0001512,-1
WO-0001513,-1
WO-0001514,-1
WO-0001515,-1
WO-0001516,0
WO-0001517,-1
WO-0001518,0
WO-0001519,-1
WO-0001520,-1
WO-0001521,-1
WO-0001522,-1
WO-0001523,-1
WO-0001524,-1
WO-0001525,-1
WO-0001526,-1
WO-0001527,-1
WO-0001528,-1
WO-0001529,-1
WO-0001530,-1
WO-0001531,-1
WO-0001532,-1
WO-0001533,-1
WO-0001534,-1
WO-0001535,-1
WO-0001536,-1
WO-0001537,-1
WO-0001538,-1
WO-0001539,-1
WO-0001540,-1
WO-0001541,-1
WO-0001542,-1
WO-0001543,-1
WO-0001544,-1
WO-0001545,0
WO-0001546,-1
WO-0001547,-1
WO-0001548,-1
WO-0001549,-1
WO-0001550,-1
WO-0001551,-1
WO-0001552,-1
WO-0001553,-1
WO-0001554,-1
WO-0001555,-1
WO-0001556,-1
WO-0001557,-1
WO-0001558,-1
WO-0001559,-1
WO-0001560,-1
WO-0001561,-1
WO-0001562,-1
WO-0001563,-1
WO-0001564,-1
WO-0001565,0
WO-0001566,-1
WO-0001567,-1
WO-0001568,-1
WO-0001569,-1
WO-0001570,-1
WO-0001571,0
WO-0001572,-1
WO-0001573,-1
WO-0001574,-1
WO-0001575,-1
WO-0001576,-1
WO-0001577,-1
WO-0001578,-1
WO-0001579,-1
WO-0001580,-1
WO-0001581,-1
WO-0001582,-1
WO-0001583,-1
WO-0001584,0
WO-0001585,-1
WO-0001586,-1
WO-0001587,0
WO-0001588,0
WO-0001589,-1
WO-0001590,-1
WO-0001591,-1
WO-0001592,-1
WO-0001593,-1
WO-0001594,-1
WO-0001595,-1
WO-0001596,-1
WO-0001597,-1
WO-0001598,0
WO-0001599,-1
WO-0001600,-1
WO-0001601,-1
WO-0001602,-1
WO-0001603,-1
WO-0001604,-1
WO-0001605,-1
WO-0001606,-1
WO-0001607,-1
WO-0001608,-1
WO-0001609,-1
WO-0001610,-1
WO-0001611,-1
WO-0001612,-1
WO-0001613,-1
WO-0001614,-1
WO-0001615,-1
WO-0001616,-1
WO-0001617,-1
WO-0001618,-1
WO-0001619,-1
WO-0001620,-1
WO-0001621,-1
WO-0001622,-1
WO-0001623,-1
WO-0001624,0
WO-0001625,-1
WO-0001626,-1
WO-0001627,-1
WO-0001628,-1
WO-0001629,-1
WO-0001630,-1
WO-0001631,-1
WO-0001632,-1
WO-0001633,-1
WO-0001634,-1
WO-0001635,-1
WO-0001636,0
WO-0001637,-1
WO-0001638,-1
WO-0001639,-1
WO-0001640,-1
WO-0001641,-1
WO-0001642,-1
WO-0001643,-1
WO-0001644,-1
WO-0001645,0
WO-0001646,-1
WO-0001647,-1
WO-0001648,-1
WO-0001649,-1
WO-0001650,-1
WO-0001651,-1
WO-0001652,-1
WO-0001653,-1
WO-0001654,0
WO-0001655,-1
WO-0001656,-1
WO-0001657,-1
WO-0001658,-1
WO-0001659,-1
WO-0001660,-1
WO-0001661,-1
WO-0001662,0
WO-0001663,-1
WO-0001664,-1
WO-0001665,-1
WO-0001666,-1
WO-0001667,-1
WO-0001668,-1
WO-0001669,-1
WO-0001670,-1
WO-0001671,-1
WO-0001672,0
WO-0001673,-1
WO-0001674,-1
WO-0001675,-1
WO-0001676,-1
WO-0001677,-1
WO-0001678,-1
WO-0001679,0
WO-0001680,-1
WO-0001681,-1
WO-0001682,-1
WO-0001683,-1
WO-0001684,-1
WO-0001685,-1
WO-0001686,-1
WO-0001687,-1
WO-0001688,0
WO-0001689,-1
WO-0001690,-1
WO-0001691,-1
WO-0001692,-1
WO-0001693,-1
WO-0001694,-1
WO-0001695,0
WO-0001696,0
WO-0001697,-1
WO-0001698,-1
WO-0001699,-1
WO-0001700,-1
WO-0001701,-1
WO-0001702,-1
WO-0001703,0
WO-0001704,-1
WO-0001705,-1
WO-0001706,-1
WO-0001707,-1
WO-0001708,0
WO-0001709,-1
WO-0001710,-1
WO-0001711,0
WO-0001712,-1
WO-0001713,-1
WO-0001714,0
WO-0001715,-1
WO-0001716,0
WO-0001717,-1
WO-0001718,-1
WO-0001719,0
WO-0001720,-1
WO-0001721,0
WO-0001722,-1
WO-0001723,0
WO-0001724,-1
WO-0001725,-1
WO-0001726,-1
WO-0001727,-1
WO-0001728,-1
WO-0001729,-1
WO-0001730,0
WO-0001731,-1
WO-0001732,-1
WO-0001733,-1
WO-0001734,-1
WO-0001735,-1
WO-0001736,-1
WO-0001737,-1
WO-0001738,-1
WO-0001739,0
WO-0001740,-1
WO-0001741,-1
WO-0001742,-1
WO-0001743,-1
WO-0001744,-1
WO-0001745,-1
WO-0001746,-1
WO-0001747,-1
WO-0001748,-1
WO-0001749,-1
WO-0001750,-1
WO-0001751,-1
WO-0001752,-1
WO-0001753,-1
WO-0001754,-1
WO-0001755,-1
WO-0001756,-1
WO-0001757,0
WO-0001758,-1
WO-0001759,-1
WO-0001760,0
WO-0001761,-1
WO-0001762,-1
WO-0001763,-1
WO-0001764,-1
WO-0001765,0
WO-0001766,-1
WO-0001767,-1
WO-0001768,-1
WO-0001769,-1
WO-0001770,-1
WO-0001771,-1
WO-0001772,-1
WO-0001773,-1
WO-0001774,-1
WO-0001775,-1
WO-0001776,-1
WO-0001777,-1
WO-0001778,-1
WO-0001779,-1
WO-0001780,-1
WO-0001781,-1
WO-0001782,-1
WO-0001783,-1
WO-0001784,-1
WO-0001785,-1
WO-0001786,-1
WO-0001787,-1
WO-0001788,0
WO-0001789,-1
WO-0001790,-1
WO-0001791,-1
WO-0001792,-1
WO-0001793,0
WO-0001794,-1
WO-0001795,-1
WO-0001796,-1
WO-0001797,-1
WO-0001798,-1
WO-0001799,-1
WO-0001800,0
WO-0001801,-1
WO-0001802,-1
WO-0001803,-1
WO-0001804,-1
WO-0001805,-1
WO-0001806,-1
WO-0001807,0
WO-0001808,-1
WO-0001809,-1
WO-0001810,-1
WO-0001811,-1
WO-0001812,-1
WO-0001813,-1
WO-0001814,-1
WO-0001815,0
WO-0001816,-1
WO-0001817,-1
WO-0001818,-1
WO-0001819,-1
WO-0001820,-1
WO-0001821,-1
WO-0001822,-1
WO-0001823,-1
WO-0001824,-1
WO-0001825,-1
WO-0001826,-1
WO-0001827,-1
WO-0001828,-1
WO-0001829,-1
WO-0001830,-1
WO-0001831,-1
WO-0001832,-1
WO-0001833,-1
WO-0001834,-1
WO-0001835,-1
WO-0001836,-1
WO-0001837,0
WO-0001838,-1
WO-0001839,-1
WO-0001840,-1
WO-0001841,-1
WO-0001842,-1
WO-0001843,-1
WO-0001844,0
WO-0001845,-1
WO-0001846,-1
WO-0001847,0
WO-0001848,-1
WO-0001849,-1
WO-0001850,-1
WO-0001851,-1
WO-0001852,-1
WO-0001853,-1
WO-0001854,-1
WO-0001855,-1
WO-0001856,-1
WO-0001857,-1
WO-0001858,-1
WO-0001859,-1
WO-0001860,-1
WO-0001861,-1
WO-0001862,-1
WO-0001863,-1
WO-0001864,-1
WO-0001865,-1
WO-0001866,-1
WO-0001867,-1
WO-0001868,0
WO-0001869,-1
WO-0001870,-1
WO-0001871,-1
WO-0001872,-1
WO-0001873,-1
WO-0001874,-1
WO-0001875,-1
WO-0001876,-1
WO-0001877,-1
WO-0001878,-1
WO-0001879,-1
WO-0001880,-1
WO-0001881,-1
WO-0001882,-1
WO-0001883,-1
WO-0001884,-1
WO-0001885,-1
WO-0001886,-1
WO-0001887,-1
WO-0001888,0
WO-0001889,-1
WO-0001890,-1
WO-0001891,-1
WO-0001892,-1
WO-0001893,-1
WO-0001894,-1
WO-0001895,-1
WO-0001896,-1
WO-0001897,-1
WO-0001898,-1
WO-0001899,-1
WO-0001900,-1
WO-0001901,-1
WO-0001902,-1
WO-0001903,-1
WO-0001904,-1
WO-0001905,-1
WO-0001906,-1
WO-0001907,-1
WO-0001908,-1
WO-0001909,-1
WO-0001910,-1
WO-0001911,0
WO-0001912,-1
WO-0001913,-1
WO-0001914,-1
WO-0001915,-1
WO-0001916,-1
WO-0001917,-1
WO-0001918,-1
WO-0001919,-1
WO-0001920,-1
WO-0001921,-1
WO-0001922,-1
WO-0001923,-1
WO-0001924,-1
WO-0001925,-1
WO-0001926,-1
WO-0001927,-1
WO-0001928,-1
WO-0001929,0
WO-0001930,0
WO-0001931,0
WO-0001932,-1
WO-0001933,-1
WO-0001934,-1
WO-0001935,-1
WO-0001936,0
WO-0001937,-1
WO-0001938,-1
WO-0001939,-1
WO-0001940,-1
WO-0001941,-1
WO-0001942,-1
WO-0001943,-1
WO-0001944,0
WO-0001945,-1
WO-0001946,-1
WO-0001947,-1
WO-0001948,-1
WO-0001949,-1
WO-0001950,-1
WO-0001951,-1
WO-0001952,-1
WO-0001953,0
WO-0001954,-1
WO-0001955,-1
WO-0001956,-1
WO-0001957,-1
WO-0001958,-1
WO-0001959,-1
WO-0001960,-1
WO-0001961,-1
WO-0001962,-1
WO-0001963,-1
WO-0001964,-1
WO-0001965,-1
WO-0001966,0
WO-0001967,-1
WO-0001968,-1
WO-0001969,-1
WO-0001970,-1
WO-0001971,-1
WO-0001972,-1
WO-0001973,0
WO-0001974,-1
WO-0001975,0
WO-0001976,-1
WO-0001977,-1
WO-0001978,-1
WO-0001979,-1
WO-0001980,-1
WO-0001981,-1
WO-0001982,-1
WO-0001983,-1
WO-0001984,0
WO-0001985,-1
WO-0001986,-1
WO-0001987,-1
WO-0001988,-1
WO-0001989,-1
WO-0001990,-1
WO-0001991,1
WO-0001992,-1
WO-0001993,0
WO-0001994,-1
WO-0001995,-1
WO-0001996,-1
WO-0001997,-1
WO-0001998,-1
WO-0001999,-1
WO-0002000,-1
WO-0002001,-1
WO-0002002,-1
WO-0002003,-1
WO-0002004,-1
WO-0002005,-1
WO-0002006,-1
WO-0002007,-1
WO-0002008,-1
WO-0002009,0
WO-0002010,-1
WO-0002011,-1
WO-0002012,-1
WO-0002013,1
WO-0002014,-1
WO-0002015,-1
WO-0002016,-1
WO-0002017,-1
WO-0002018,0
WO-0002019,-1
WO-0002020,-1
WO-0002021,0
WO-0002022,0
WO-0002023,-1
WO-0002024,-1
WO-0002025,-1
WO-0002026,-1
WO-0002027,-1
WO-0002028,-1
WO-0002029,-1
WO-0002030,-1
WO-0002031,-1
WO-0002032,0
WO-0002033,0
WO-0002034,-1
WO-0002035,-1
WO-0002036,-1
WO-0002037,-1
WO-0002038,-1
WO-0002039,-1
WO-0002040,-1
WO-0002041,-1
WO-0002042,-1
WO-0002043,-1
WO-0002044,-1
WO-0002045,0
WO-0002046,0
WO-0002047,-1
WO-0002048,-1
WO-0002049,-1
WO-0002050,-1
WO-0002051,-1
WO-0002052,-1
WO-0002053,-1
WO-0002054,0
WO-0002055,-1
WO-0002056,-1
WO-0002057,-1
WO-0002058,-1
WO-0002059,-1
WO-0002060,-1
WO-0002061,0
WO-0002062,0
WO-0002063,-1
WO-0002064,-1
WO-0002065,0
WO-0002066,-1
WO-0002067,-1
WO-0002068,-1
WO-0002069,0
WO-0002070,0
WO-0002071,0
WO-0002072,-1
WO-0002073,-1
WO-0002074,-1
WO-0002075,-1
WO-0002076,0
WO-0002077,-1
WO-0002078,-1
WO-0002079,-1
WO-0002080,-1
WO-0002081,-1
WO-0002082,-1
WO-0002083,-1
WO-0002084,-1
WO-0002085,-1
WO-0002086,-1
WO-0002087,-1
WO-0002088,-1
WO-0002089,-1
WO-0002090,-1
WO-0002091,-1
WO-0002092,-1
WO-0002093,0
WO-0002094,1
WO-0002095,-1
WO-0002096,-1
WO-0002097,-1
WO-0002098,-1
WO-0002099,-1
WO-0002100,-1
WO-0002101,-1
WO-0002102,-1
WO-0002103,-1
WO-0002104,0
WO-0002105,-1
WO-0002106,-1
WO-0002107,-1
WO-0002108,-1
WO-0002109,-1
WO-0002110,-1
WO-0002111,-1
WO-0002112,-1
WO-0002113,-1
WO-0002114,-1
WO-0002115,-1
WO-0002116,-1
WO-0002117,-1
WO-0002118,-1
WO-0002119,-1
WO-0002120,-1
WO-0002121,-1
WO-0002122,-1
WO-0002123,-1
WO-0002124,0
WO-0002125,-1
WO-0002126,-1
WO-0002127,-1
WO-0002128,-1
WO-0002129,-1
WO-0002130,-1
WO-0002131,-1
WO-0002132,-1
WO-0002133,-1
WO-0002134,-1
WO-0002135,-1
WO-0002136,-1
WO-0002137,-1
WO-0002138,-1
WO-0002139,-1
WO-0002140,-1
WO-0002141,-1
WO-0002142,-1
WO-0002143,-1
WO-0002144,-1
WO-0002145,0
WO-0002146,-1
WO-0002147,-1
WO-0002148,-1
WO-0002149,0
WO-0002150,-1
WO-0002151,-1
WO-0002152,-1
WO-0002153,-1
WO-0002154,0
WO-0002155,-1
WO-0002156,-1
WO-0002157,-1
WO-0002158,-1
WO-0002159,-1
WO-0002160,-1
WO-0002161,-1
WO-0002162,-1
WO-0002163,-1
WO-0002164,-1
WO-0002165,-1
WO-0002166,-1
WO-0002167,-1
WO-0002168,-1
WO-0002169,-1
WO-0002170,-1
WO-0002171,-1
WO-0002172,-1
WO-0002173,-1
WO-0002174,-1
WO-0002175,-1
WO-0002176,-1
WO-0002177,-1
WO-0002178,-1
WO-0002179,-1
WO-0002180,-1
WO-0002181,-1
WO-0002182,-1
WO-0002183,-1
WO-0002184,-1
WO-0002185,-1
WO-0002186,0
WO-0002187,-1
WO-0002188,0
WO-0002189,-1
WO-0002190,0
WO-0002191,0
WO-0002192,-1
WO-0002193,0
WO-0002194,-1
WO-0002195,-1
WO-0002196,-1
WO-0002197,-1
WO-0002198,-1
WO-0002199,-1
WO-0002200,-1
WO-0002201,-1
WO-0002202,-1
WO-0002203,-1
WO-0002204,-1
WO-0002205,0
WO-0002206,-1
WO-0002207,-1
WO-0002208,-1
WO-0002209,-1
WO-0002210,-1
WO-0002211,-1
WO-0002212,-1
WO-0002213,-1
WO-0002214,-1
WO-0002215,-1
WO-0002216,0
WO-0002217,-1
WO-0002218,-1
WO-0002219,0
WO-0002220,-1
WO-0002221,-1
WO-0002222,-1
WO-0002223,-1
WO-0002224,-1
WO-0002225,-1
WO-0002226,-1
WO-0002227,-1
WO-0002228,-1
WO-0002229,0
WO-0002230,-1
WO-0002231,0
WO-0002232,0
WO-0002233,-1
WO-0002234,-1
WO-0002235,-1
WO-0002236,-1
WO-0002237,-1
WO-0002238,0
WO-0002239,-1
WO-0002240,-1
WO-0002241,-1
WO-0002242,-1
WO-0002243,-1
WO-0002244,-1
WO-0002245,0
WO-0002246,-1
WO-0002247,-1
WO-0002248,-1
WO-0002249,-1
WO-0002250,-1
WO-0002251,-1
WO-0002252,-1
WO-0002253,-1
WO-0002254,-1
WO-0002255,-1
WO-0002256,-1
WO-0002257,-1
WO-0002258,-1
WO-0002259,-1
WO-0002260,-1
WO-0002261,-1
WO-0002262,-1
WO-0002263,-1
WO-0002264,0
WO-0002265,-1
WO-0002266,0
WO-0002267,-1
WO-0002268,-1
WO-0002269,-1
WO-0002270,0
WO-0002271,0
WO-0002272,0
WO-0002273,-1
WO-0002274,0
WO-0002275,0
WO-0002276,-1
WO-0002277,-1
WO-0002278,-1
WO-0002279,-1
WO-0002280,-1
WO-0002281,0
WO-0002282,-1
WO-0002283,-1
WO-0002284,-1
WO-0002285,0
WO-0002286,-1
WO-0002287,-1
WO-0002288,-1
WO-0002289,-1
WO-0002290,-1
WO-0002291,-1
WO-0002292,-1
WO-0002293,-1
WO-0002294,0
WO-0002295,-1
WO-0002296,-1
WO-0002297,-1
WO-0002298,-1
WO-0002299,-1
WO-0002300,-1
WO-0002301,-1
WO-0002302,-1
WO-0002303,-1
WO-0002304,-1
WO-0002305,-1
WO-0002306,0
WO-0002307,-1
WO-0002308,-1
WO-0002309,-1
WO-0002310,-1
WO-0002311,-1
WO-0002312,0
WO-0002313,0
WO-0002314,-1
WO-0002315,-1
WO-0002316,-1
WO-0002317,-1
WO-0002318,-1
WO-0002319,-1
WO-0002320,-1
WO-0002321,-1
WO-0002322,-1
WO-0002323,-1
WO-0002324,-1
WO-0002325,-1
WO-0002326,-1
WO-0002327,-1
WO-0002328,-1
WO-0002329,-1
WO-0002330,0
WO-0002331,-1
WO-0002332,-1
WO-0002333,-1
WO-0002334,-1
WO-0002335,-1
WO-0002336,-1
WO-0002337,-1
WO-0002338,-1
WO-0002339,-1
WO-0002340,-1
WO-0002341,-1
WO-0002342,-1
WO-0002343,-1
WO-0002344,0
WO-0002345,-1
WO-0002346,-1
WO-0002347,0
WO-0002348,-1
WO-0002349,-1
WO-0002350,-1
WO-0002351,-1
WO-0002352,-1
WO-0002353,-1
WO-0002354,-1
WO-0002355,-1
WO-0002356,-1
WO-0002357,-1
WO-0002358,-1
WO-0002359,-1
WO-0002360,-1
WO-0002361,-1
WO-0002362,-1
WO-0002363,-1
WO-0002364,-1
WO-0002365,-1
WO-0002366,-1
WO-0002367,-1
WO-0002368,-1
WO-0002369,-1
WO-0002370,-1
WO-0002371,-1
WO-0002372,-1
WO-0002373,-1
WO-0002374,-1
WO-0002375,-1
WO-0002376,-1
WO-0002377,-1
WO-0002378,-1
WO-0002379,-1
WO-0002380,-1
WO-0002381,-1
WO-0002382,-1
WO-0002383,-1
WO-0002384,-1
WO-0002385,-1
WO-0002386,-1
WO-0002387,-1
WO-0002388,-1
WO-0002389,0
WO-0002390,-1
WO-0002391,-1
WO-0002392,-1
WO-0002393,-1
WO-0002394,-1
WO-0002395,0
WO-0002396,-1
WO-0002397,-1
WO-0002398,-1
WO-0002399,-1
WO-0002400,0
WO-0002401,-1
WO-0002402,-1
WO-0002403,-1
WO-0002404,-1
WO-0002405,1
WO-0002406,-1
WO-0002407,-1
WO-0002408,-1
WO-0002409,-1
WO-0002410,-1
WO-0002411,-1
WO-0002412,-1
WO-0002413,-1
WO-0002414,-1
WO-0002415,-1
WO-0002416,-1
WO-0002417,-1
WO-0002418,-1
WO-0002419,-1
WO-0002420,-1
WO-0002421,-1
WO-0002422,-1
WO-0002423,-1
WO-0002424,0
WO-0002425,-1
WO-0002426,-1
WO-0002427,-1
WO-0002428,-1
WO-0002429,-1
WO-0002430,-1
WO-0002431,-1
WO-0002432,-1
WO-0002433,-1
WO-0002434,-1
WO-0002435,-1
WO-0002436,-1
WO-0002437,-1
WO-0002438,-1
WO-0002439,-1
WO-0002440,-1
WO-0002441,-1
WO-0002442,-1
WO-0002443,-1
WO-0002444,0
WO-0002445,-1
WO-0002446,-1
WO-0002447,-1
WO-0002448,-1
WO-0002449,-1
WO-0002450,-1
WO-0002451,-1
WO-0002452,-1
WO-0002453,-1
WO-0002454,-1
WO-0002455,-1
WO-0002456,-1
WO-0002457,-1
WO-0002458,-1
WO-0002459,-1
WO-0002460,-1
WO-0002461,-1
WO-0002462,-1
WO-0002463,-1
WO-0002464,-1
WO-0002465,-1
WO-0002466,-1
WO-0002467,0
WO-0002468,-1
WO-0002469,0
WO-0002470,-1
WO-0002471,-1
WO-0002472,-1
WO-0002473,-1
WO-0002474,-1
WO-0002475,-1
WO-0002476,-1
WO-0002477,-1
WO-0002478,-1
WO-0002479,-1
WO-0002480,-1
WO-0002481,-1
WO-0002482,0
WO-0002483,-1
WO-0002484,-1
WO-0002485,-1
WO-0002486,-1
WO-0002487,-1
WO-0002488,-1
WO-0002489,-1
WO-0002490,-1
WO-0002491,-1
WO-0002492,-1
WO-0002493,-1
WO-0002494,-1
WO-0002495,-1
WO-0002496,-1
WO-0002497,0
WO-0002498,-1
WO-0002499,-1
WO-0002500,-1
WO-0002501,0
WO-0002502,-1
WO-0002503,-1
WO-0002504,-1
WO-0002505,-1
WO-0002506,-1
WO-0002507,-1
WO-0002508,-1
WO-0002509,0
WO-0002510,-1
WO-0002511,-1
WO-0002512,-1
WO-0002513,-1
WO-0002514,-1
WO-0002515,-1
WO-0002516,-1
WO-0002517,-1
WO-0002518,-1
WO-0002519,-1
WO-0002520,-1
WO-0002521,-1
WO-0002522,-1
WO-0002523,-1
WO-0002524,-1
WO-0002525,-1
WO-0002526,0
WO-0002527,-1
WO-0002528,-1
WO-0002529,-1
WO-0002530,-1
WO-0002531,-1
WO-0002532,-1
WO-0002533,-1
WO-0002534,-1
WO-0002535,-1
WO-0002536,-1
WO-0002537,-1
WO-0002538,-1
WO-0002539,-1
WO-0002540,-1
WO-0002541,-1
WO-0002542,-1
WO-0002543,-1
WO-0002544,-1
WO-0002545,0
WO-0002546,0
WO-0002547,-1
WO-0002548,-1
WO-0002549,-1
WO-0002550,-1
WO-0002551,0
WO-0002552,-1
WO-0002553,-1
WO-0002554,0
WO-0002555,-1
WO-0002556,-1
WO-0002557,-1
WO-0002558,-1
WO-0002559,-1
WO-0002560,-1
WO-0002561,-1
WO-0002562,-1
WO-0002563,-1
WO-0002564,0
WO-0002565,-1
WO-0002566,-1
WO-0002567,-1
WO-0002568,-1
WO-0002569,-1
WO-0002570,-1
WO-0002571,0
WO-0002572,-1
WO-0002573,-1
WO-0002574,-1
WO-0002575,-1
WO-0002576,-1
WO-0002577,-1
WO-0002578,-1
WO-0002579,-1
WO-0002580,-1
WO-0002581,0
WO-0002582,-1
WO-0002583,-1
WO-0002584,-1
WO-0002585,0
WO-0002586,0
WO-0002587,-1
WO-0002588,-1
WO-0002589,-1
WO-0002590,-1
WO-0002591,-1
WO-0002592,-1
WO-0002593,0
WO-0002594,-1
WO-0002595,-1
WO-0002596,-1
WO-0002597,-1
WO-0002598,0
WO-0002599,-1
WO-0002600,-1
WO-0002601,-1
WO-0002602,-1
WO-0002603,-1
WO-0002604,-1
WO-0002605,-1
WO-0002606,-1
WO-0002607,-1
WO-0002608,0
WO-0002609,-1
WO-0002610,-1
WO-0002611,-1
WO-0002612,-1
WO-0002613,-1
WO-0002614,-1
WO-0002615,-1
WO-0002616,-1
WO-0002617,-1
WO-0002618,-1
WO-0002619,0
WO-0002620,-1
WO-0002621,-1
WO-0002622,-1
WO-0002623,-1
WO-0002624,-1
WO-0002625,-1
WO-0002626,-1
WO-0002627,0
WO-0002628,-1
WO-0002629,0
WO-0002630,-1
WO-0002631,0
WO-0002632,-1
WO-0002633,-1
WO-0002634,-1
WO-0002635,-1
WO-0002636,-1
WO-0002637,-1
WO-0002638,-1
WO-0002639,-1
WO-0002640,-1
WO-0002641,-1
WO-0002642,-1
WO-0002643,-1
WO-0002644,-1
WO-0002645,-1
WO-0002646,-1
WO-0002647,-1
WO-0002648,-1
WO-0002649,-1
WO-0002650,-1
WO-0002651,1
WO-0002652,-1
WO-0002653,0
WO-0002654,-1
WO-0002655,-1
WO-0002656,-1
WO-0002657,-1
WO-0002658,0
WO-0002659,-1
WO-0002660,-1
WO-0002661,-1
WO-0002662,0
WO-0002663,-1
WO-0002664,-1
WO-0002665,-1
WO-0002666,-1
WO-0002667,-1
WO-0002668,0
WO-0002669,-1
WO-0002670,-1
WO-0002671,-1
WO-0002672,-1
WO-0002673,-1
WO-0002674,-1
WO-0002675,-1
WO-0002676,-1
WO-0002677,-1
WO-0002678,-1
WO-0002679,-1
WO-0002680,-1
WO-0002681,-1
WO-0002682,-1
WO-0002683,-1
WO-0002684,-1
WO-0002685,-1
WO-0002686,-1
WO-0002687,-1
WO-0002688,-1
WO-0002689,0
WO-0002690,0
WO-0002691,-1
WO-0002692,-1
WO-0002693,-1
WO-0002694,-1
WO-0002695,0
WO-0002696,-1
WO-0002697,0
WO-0002698,-1
WO-0002699,-1
WO-0002700,-1
WO-0002701,-1
WO-0002702,-1
WO-0002703,-1
WO-0002704,-1
WO-0002705,-1
WO-0002706,-1
WO-0002707,-1
WO-0002708,0
WO-0002709,-1
WO-0002710,-1
WO-0002711,-1
WO-0002712,-1
WO-0002713,-1
WO-0002714,-1
WO-0002715,-1
WO-0002716,-1
WO-0002717,-1
WO-0002718,-1
WO-0002719,1
WO-0002720,-1
WO-0002721,-1
WO-0002722,-1
WO-0002723,0
WO-0002724,0
WO-0002725,-1
WO-0002726,-1
WO-0002727,-1
WO-0002728,-1
WO-0002729,-1
WO-0002730,-1
WO-0002731,-1
WO-0002732,-1
WO-0002733,-1
WO-0002734,-1
WO-0002735,-1
WO-0002736,-1
WO-0002737,-1
WO-0002738,-1
WO-0002739,-1
WO-0002740,-1
WO-0002741,0
WO-0002742,-1
WO-0002743,-1
WO-0002744,-1
WO-0002745,-1
WO-0002746,-1
WO-0002747,0
WO-0002748,-1
WO-0002749,-1
WO-0002750,-1
WO-0002751,-1
WO-0002752,0
WO-0002753,-1
WO-0002754,-1
WO-0002755,-1
WO-0002756,-1
WO-0002757,-1
WO-0002758,-1
WO-0002759,-1
WO-0002760,-1
WO-0002761,-1
WO-0002762,-1
WO-0002763,-1
WO-0002764,-1
WO-0002765,-1
WO-0002766,-1
WO-0002767,-1
WO-0002768,-1
WO-0002769,-1
WO-0002770,-1
WO-0002771,0
WO-0002772,-1
WO-0002773,0
WO-0002774,-1
WO-0002775,-1
WO-0002776,-1
WO-0002777,-1
WO-0002778,0
WO-0002779,-1
WO-0002780,-1
WO-0002781,-1
WO-0002782,-1
WO-0002783,-1
WO-0002784,-1
WO-0002785,-1
WO-0002786,-1
WO-0002787,-1
WO-0002788,-1
WO-0002789,-1
WO-0002790,-1
WO-0002791,-1
WO-0002792,-1
WO-0002793,-1
WO-0002794,-1
WO-0002795,-1
WO-0002796,0
WO-0002797,-1
WO-0002798,-1
WO-0002799,-1
WO-0002800,-1
WO-0002801,-1
WO-0002802,0
WO-0002803,-1
WO-0002804,-1
WO-0002805,-1
WO-0002806,-1
WO-0002807,0
WO-0002808,-1
WO-0002809,-1
WO-0002810,-1
WO-0002811,-1
WO-0002812,-1
WO-0002813,-1
WO-0002814,-1
WO-0002815,-1
WO-0002816,-1
WO-0002817,-1
WO-0002818,-1
WO-0002819,-1
WO-0002820,-1
WO-0002821,-1
WO-0002822,-1
WO-0002823,-1
WO-0002824,-1
WO-0002825,-1
WO-0002826,-1
WO-0002827,0
WO-0002828,-1
WO-0002829,-1
WO-0002830,-1
WO-0002831,-1
WO-0002832,-1
WO-0002833,-1
WO-0002834,-1
WO-0002835,-1
WO-0002836,-1
WO-0002837,0
WO-0002838,-1
WO-0002839,-1
WO-0002840,-1
WO-0002841,-1
WO-0002842,-1
WO-0002843,-1
WO-0002844,-1
WO-0002845,-1
WO-0002846,-1
WO-0002847,-1
WO-0002848,0
WO-0002849,-1
WO-0002850,-1
WO-0002851,0
WO-0002852,-1
WO-0002853,-1
WO-0002854,-1
WO-0002855,-1
WO-0002856,-1
WO-0002857,0
WO-0002858,-1
WO-0002859,-1
WO-0002860,-1
WO-0002861,-1
WO-0002862,-1
WO-0002863,0
WO-0002864,-1
WO-0002865,0
WO-0002866,-1
WO-0002867,-1
WO-0002868,-1
WO-0002869,-1
WO-0002870,-1
WO-0002871,0
WO-0002872,0
WO-0002873,-1
WO-0002874,-1
WO-0002875,0
WO-0002876,0
WO-0002877,-1
WO-0002878,-1
WO-0002879,-1
WO-0002880,-1
WO-0002881,-1
WO-0002882,-1
WO-0002883,-1
WO-0002884,-1
WO-0002885,-1
WO-0002886,-1
WO-0002887,-1
WO-0002888,-1
WO-0002889,-1
WO-0002890,-1
WO-0002891,-1
WO-0002892,0
WO-0002893,0
WO-0002894,0
WO-0002895,-1
WO-0002896,0
WO-0002897,-1
WO-0002898,0
WO-0002899,-1
WO-0002900,0
WO-0002901,0
WO-0002902,-1
WO-0002903,-1
WO-0002904,-1
WO-0002905,-1
WO-0002906,-1
WO-0002907,0
WO-0002908,-1
WO-0002909,-1
WO-0002910,-1
WO-0002911,-1
WO-0002912,-1
WO-0002913,-1
WO-0002914,-1
WO-0002915,-1
WO-0002916,-1
WO-0002917,-1
WO-0002918,-1
WO-0002919,-1
WO-0002920,-1
WO-0002921,-1
WO-0002922,-1
WO-0002923,-1
WO-0002924,-1
WO-0002925,-1
WO-0002926,-1
WO-0002927,-1
WO-0002928,-1
WO-0002929,-1
WO-0002930,0
WO-0002931,-1
WO-0002932,0
WO-0002933,-1
WO-0002934,-1
WO-0002935,-1
WO-0002936,-1
WO-0002937,-1
WO-0002938,-1
WO-0002939,-1
WO-0002940,-1
WO-0002941,-1
WO-0002942,-1
WO-0002943,-1
WO-0002944,-1
WO-0002945,-1
WO-0002946,-1
WO-0002947,0
WO-0002948,0
WO-0002949,-1
WO-0002950,-1
WO-0002951,0
WO-0002952,-1
WO-0002953,-1
WO-0002954,-1
WO-0002955,0
WO-0002956,-1
WO-0002957,-1
WO-0002958,-1
WO-0002959,-1
WO-0002960,-1
WO-0002961,-1
WO-0002962,-1
WO-0002963,-1
WO-0002964,-1
WO-0002965,-1
WO-0002966,-1
WO-0002967,-1
WO-0002968,0
WO-0002969,-1
WO-0002970,-1
WO-0002971,-1
WO-0002972,-1
WO-0002973,-1
WO-0002974,-1
WO-0002975,-1
WO-0002976,-1
WO-0002977,-1
WO-0002978,-1
WO-0002979,-1
WO-0002980,-1
WO-0002981,-1
WO-0002982,-1
WO-0002983,-1
WO-0002984,-1
WO-0002985,-1
WO-0002986,-1
WO-0002987,-1
WO-0002988,-1
WO-0002989,-1
WO-0002990,-1
WO-0002991,0
WO-0002992,-1
WO-0002993,-1
WO-0002994,-1
WO-0002995,0
WO-0002996,-1
WO-0002997,-1
WO-0002998,-1
WO-0002999,-1
WO-0003000,-1
WO-0003001,-1
WO-0003002,0
WO-0003003,-1
WO-0003004,-1
WO-0003005,-1
WO-0003006,-1
WO-0003007,-1
WO-0003008,0
WO-0003009,0
WO-0003010,-1
WO-0003011,-1
WO-0003012,-1
WO-0003013,-1
WO-0003014,-1
WO-0003015,-1
WO-0003016,-1
WO-0003017,0
WO-0003018,-1
WO-0003019,-1
WO-0003020,0
WO-0003021,-1
WO-0003022,-1
WO-0003023,-1
WO-0003024,-1
WO-0003025,-1
WO-0003026,-1
WO-0003027,0
WO-0003028,0
WO-0003029,-1
WO-0003030,-1
WO-0003031,-1
WO-0003032,-1
WO-0003033,-1
WO-0003034,0
WO-0003035,-1
WO-0003036,-1
WO-0003037,-1
WO-0003038,-1
WO-0003039,-1
WO-0003040,-1
WO-0003041,-1
WO-0003042,-1
WO-0003043,-1
WO-0003044,-1
WO-0003045,-1
WO-0003046,-1
WO-0003047,-1
WO-0003048,-1
WO-0003049,-1
WO-0003050,-1
WO-0003051,-1
WO-0003052,-1
WO-0003053,-1
WO-0003054,-1
WO-0003055,-1
WO-0003056,-1
WO-0003057,-1
WO-0003058,-1
WO-0003059,-1
WO-0003060,-1
WO-0003061,-1
WO-0003062,-1
WO-0003063,-1
WO-0003064,-1
WO-0003065,-1
WO-0003066,-1
WO-0003067,-1
WO-0003068,0
WO-0003069,-1
WO-0003070,0
WO-0003071,-1
WO-0003072,-1
WO-0003073,-1
WO-0003074,-1
WO-0003075,-1
WO-0003076,-1
WO-0003077,-1
WO-0003078,-1
WO-0003079,-1
WO-0003080,-1
WO-0003081,-1
WO-0003082,-1
WO-0003083,-1
WO-0003084,-1
WO-0003085,-1
WO-0003086,-1
WO-0003087,-1
WO-0003088,-1
WO-0003089,-1
WO-0003090,-1
WO-0003091,-1
WO-0003092,-1
WO-0003093,-1
WO-0003094,-1
WO-0003095,-1
WO-0003096,-1
WO-0003097,-1
WO-0003098,0
WO-0003099,-1
WO-0003100,0
WO-0003101,-1
WO-0003102,-1
WO-0003103,-1
WO-0003104,-1
WO-0003105,-1
WO-0003106,-1
WO-0003107,-1
WO-0003108,-1
WO-0003109,-1
WO-0003110,-1
WO-0003111,-1
WO-0003112,-1
WO-0003113,-1
WO-0003114,-1
WO-0003115,-1
WO-0003116,-1
WO-0003117,-1
WO-0003118,-1
WO-0003119,-1
WO-0003120,-1
WO-0003121,-1
WO-0003122,-1
WO-0003123,-1
WO-0003124,-1
WO-0003125,-1
WO-0003126,-1
WO-0003127,-1
WO-0003128,-1
WO-0003129,-1
WO-0003130,-1
WO-0003131,-1
WO-0003132,-1
WO-0003133,-1
WO-0003134,-1
WO-0003135,-1
WO-0003136,-1
WO-0003137,-1
WO-0003138,-1
WO-0003139,-1
WO-0003140,-1
WO-0003141,0
WO-0003142,-1
WO-0003143,-1
WO-0003144,-1
WO-0003145,0
WO-0003146,-1
WO-0003147,-1
WO-0003148,-1
WO-0003149,-1
WO-0003150,-1
WO-0003151,-1
WO-0003152,-1
WO-0003153,-1
WO-0003154,-1
WO-0003155,-1
WO-0003156,1
WO-0003157,-1
WO-0003158,-1
WO-0003159,-1
WO-0003160,-1
WO-0003161,-1
WO-0003162,0
WO-0003163,-1
WO-0003164,-1
WO-0003165,-1
WO-0003166,-1
WO-0003167,-1
WO-0003168,-1
WO-0003169,-1
WO-0003170,-1
WO-0003171,0
WO-0003172,-1
WO-0003173,-1
WO-0003174,0
WO-0003175,-1
WO-0003176,-1
WO-0003177,-1
WO-0003178,-1
WO-0003179,-1
WO-0003180,-1
WO-0003181,-1
WO-0003182,-1
WO-0003183,-1
WO-0003184,-1
WO-0003185,-1
WO-0003186,-1
WO-0003187,-1
WO-0003188,-1
WO-0003189,-1
WO-0003190,-1
WO-0003191,-1
WO-0003192,-1
WO-0003193,-1
WO-0003194,-1
WO-0003195,-1
WO-0003196,0
WO-0003197,0
WO-0003198,-1
WO-0003199,-1
WO-0003200,-1
WO-0003201,-1
WO-0003202,-1
WO-0003203,-1
WO-0003204,0
WO-0003205,0
WO-0003206,-1
WO-0003207,-1
WO-0003208,-1
WO-0003209,-1
WO-0003210,-1
WO-0003211,-1
WO-0003212,-1
WO-0003213,-1
WO-0003214,-1
WO-0003215,-1
WO-0003216,0
WO-0003217,-1
WO-0003218,-1
WO-0003219,-1
WO-0003220,0
WO-0003221,0
WO-0003222,-1
WO-0003223,-1
WO-0003224,-1
WO-0003225,-1
WO-0003226,-1
WO-0003227,-1
WO-0003228,-1
WO-0003229,-1
WO-0003230,-1
WO-0003231,-1
WO-0003232,-1
WO-0003233,-1
WO-0003234,0
WO-0003235,-1
WO-0003236,-1
WO-0003237,-1
WO-0003238,-1
WO-0003239,-1
WO-0003240,-1
WO-0003241,-1
WO-0003242,-1
WO-0003243,-1
WO-0003244,-1
WO-0003245,-1
WO-0003246,-1
WO-0003247,-1
WO-0003248,-1
WO-0003249,-1
WO-0003250,-1
WO-0003251,-1
WO-0003252,-1
WO-0003253,-1
WO-0003254,-1
WO-0003255,-1
WO-0003256,0
WO-0003257,-1
WO-0003258,-1
WO-0003259,-1
WO-0003260,-1
WO-0003261,-1
WO-0003262,-1
WO-0003263,-1
WO-0003264,-1
WO-0003265,-1
WO-0003266,-1
WO-0003267,-1
WO-0003268,-1
WO-0003269,-1
WO-0003270,-1
WO-0003271,-1
WO-0003272,-1
WO-0003273,-1
WO-0003274,-1
WO-0003275,-1
WO-0003276,-1
WO-0003277,-1
WO-0003278,-1
WO-0003279,-1
WO-0003280,-1
WO-0003281,-1
WO-0003282,-1
WO-0003283,0
WO-0003284,-1
WO-0003285,-1
WO-0003286,-1
WO-0003287,-1
WO-0003288,0
WO-0003289,-1
WO-0003290,-1
WO-0003291,-1
WO-0003292,-1
WO-0003293,-1
WO-0003294,-1
WO-0003295,-1
WO-0003296,0
WO-0003297,-1
WO-0003298,-1
WO-0003299,-1
WO-0003300,-1
WO-0003301,-1
WO-0003302,-1
WO-0003303,-1
WO-0003304,-1
WO-0003305,0
WO-0003306,-1
WO-0003307,-1
WO-0003308,-1
WO-0003309,0
WO-0003310,0
WO-0003311,-1
WO-0003312,0
WO-0003313,-1
WO-0003314,-1
WO-0003315,-1
WO-0003316,-1
WO-0003317,-1
WO-0003318,-1
WO-0003319,-1
WO-0003320,-1
WO-0003321,-1
WO-0003322,-1
WO-0003323,-1
WO-0003324,-1
WO-0003325,-1
WO-0003326,-1
WO-0003327,-1
WO-0003328,-1
WO-0003329,-1
WO-0003330,-1
WO-0003331,-1
WO-0003332,-1
WO-0003333,-1
WO-0003334,-1
WO-0003335,-1
WO-0003336,-1
WO-0003337,-1
WO-0003338,-1
WO-0003339,-1
WO-0003340,-1
WO-0003341,-1
WO-0003342,0
WO-0003343,-1
WO-0003344,0
WO-0003345,0
WO-0003346,-1
WO-0003347,-1
WO-0003348,-1
WO-0003349,-1
WO-0003350,-1
WO-0003351,-1
WO-0003352,-1
WO-0003353,-1
WO-0003354,-1
WO-0003355,0
WO-0003356,-1
WO-0003357,0
WO-0003358,-1
WO-0003359,-1
WO-0003360,-1
WO-0003361,-1
WO-0003362,-1
WO-0003363,-1
WO-0003364,-1
WO-0003365,-1
WO-0003366,-1
WO-0003367,-1
WO-0003368,0
WO-0003369,-1
WO-0003370,0
WO-0003371,-1
WO-0003372,0
WO-0003373,-1
WO-0003374,-1
WO-0003375,-1
WO-0003376,-1
WO-0003377,-1
WO-0003378,-1
WO-0003379,-1
WO-0003380,-1
WO-0003381,-1
WO-0003382,-1
WO-0003383,0
WO-0003384,-1
WO-0003385,-1
WO-0003386,-1
WO-0003387,-1
WO-0003388,-1
WO-0003389,-1
WO-0003390,-1
WO-0003391,-1
WO-0003392,-1
WO-0003393,-1
WO-0003394,0
WO-0003395,0
WO-0003396,-1
WO-0003397,-1
WO-0003398,-1
WO-0003399,-1
WO-0003400,-1
WO-0003401,-1
WO-0003402,-1
WO-0003403,-1
WO-0003404,-1
WO-0003405,-1
WO-0003406,0
WO-0003407,-1
WO-0003408,-1
WO-0003409,-1
WO-0003410,0
WO-0003411,-1
WO-0003412,-1
WO-0003413,-1
WO-0003414,-1
WO-0003415,0
WO-0003416,-1
WO-0003417,-1
WO-0003418,1
WO-0003419,-1
WO-0003420,-1
WO-0003421,-1
WO-0003422,-1
WO-0003423,-1
WO-0003424,-1
WO-0003425,-1
WO-0003426,-1
WO-0003427,-1
WO-0003428,-1
WO-0003429,-1
WO-0003430,-1
WO-0003431,-1
WO-0003432,-1
WO-0003433,-1
WO-0003434,-1
WO-0003435,-1
WO-0003436,-1
WO-0003437,-1
WO-0003438,-1
WO-0003439,-1
WO-0003440,-1
WO-0003441,-1
WO-0003442,-1
WO-0003443,-1
WO-0003444,-1
WO-0003445,-1
WO-0003446,-1
WO-0003447,-1
WO-0003448,-1
WO-0003449,0
WO-0003450,-1
WO-0003451,-1
WO-0003452,-1
WO-0003453,-1
WO-0003454,-1
WO-0003455,-1
WO-0003456,-1
WO-0003457,-1
WO-0003458,-1
WO-0003459,-1
WO-0003460,-1
WO-0003461,-1
WO-0003462,0
WO-0003463,-1
WO-0003464,-1
WO-0003465,-1
WO-0003466,-1
WO-0003467,-1
WO-0003468,-1
WO-0003469,-1
WO-0003470,-1
WO-0003471,-1
WO-0003472,-1
WO-0003473,0
WO-0003474,0
WO-0003475,0
WO-0003476,-1
WO-0003477,-1
WO-0003478,-1
WO-0003479,-1
WO-0003480,-1
WO-0003481,-1
WO-0003482,-1
WO-0003483,-1
WO-0003484,-1
WO-0003485,-1
WO-0003486,-1
WO-0003487,-1
WO-0003488,-1
WO-0003489,0
WO-0003490,-1
WO-0003491,-1
WO-0003492,-1
WO-0003493,-1
WO-0003494,0
WO-0003495,-1
WO-0003496,0
WO-0003497,-1
WO-0003498,-1
WO-0003499,-1
WO-0003500,-1
WO-0003501,0
WO-0003502,0
WO-0003503,-1
WO-0003504,-1
WO-0003505,-1
WO-0003506,-1
WO-0003507,-1
WO-0003508,-1
WO-0003509,-1
WO-0003510,-1
WO-0003511,-1
WO-0003512,-1
WO-0003513,-1
WO-0003514,0
WO-0003515,-1
WO-0003516,-1
WO-0003517,-1
WO-0003518,-1
WO-0003519,-1
WO-0003520,-1
WO-0003521,-1
WO-0003522,-1
WO-0003523,-1
WO-0003524,-1
WO-0003525,-1
WO-0003526,-1
WO-0003527,-1
WO-0003528,-1
WO-0003529,-1
WO-0003530,0
WO-0003531,0
WO-0003532,0
WO-0003533,-1
WO-0003534,-1
WO-0003535,-1
WO-0003536,-1
WO-0003537,-1
WO-0003538,-1
WO-0003539,-1
WO-0003540,-1
WO-0003541,-1
WO-0003542,-1
WO-0003543,-1
WO-0003544,-1
WO-0003545,-1
WO-0003546,-1
WO-0003547,-1
WO-0003548,-1
WO-0003549,-1
WO-0003550,0
WO-0003551,0
WO-0003552,0
WO-0003553,0
WO-0003554,-1
WO-0003555,-1
WO-0003556,0
WO-0003557,-1
WO-0003558,-1
WO-0003559,-1
WO-0003560,-1
WO-0003561,-1
WO-0003562,-1
WO-0003563,-1
WO-0003564,-1
WO-0003565,-1
WO-0003566,-1
WO-0003567,0
WO-0003568,-1
WO-0003569,0
WO-0003570,-1
WO-0003571,-1
WO-0003572,-1
WO-0003573,-1
WO-0003574,-1
WO-0003575,-1
WO-0003576,-1
WO-0003577,0
WO-0003578,0
WO-0003579,-1
WO-0003580,-1
WO-0003581,-1
WO-0003582,-1
WO-0003583,-1
WO-0003584,-1
WO-0003585,-1
WO-0003586,-1
WO-0003587,-1
WO-0003588,-1
WO-0003589,-1
WO-0003590,-1
WO-0003591,-1
WO-0003592,0
WO-0003593,-1
WO-0003594,-1
WO-0003595,-1
WO-0003596,0
WO-0003597,-1
WO-0003598,0
WO-0003599,-1
WO-0003600,-1
WO-0003601,0
WO-0003602,-1
WO-0003603,-1
WO-0003604,-1
WO-0003605,-1
WO-0003606,-1
WO-0003607,-1
WO-0003608,-1
WO-0003609,0
WO-0003610,-1
WO-0003611,0
WO-0003612,0
WO-0003613,0
WO-0003614,-1
WO-0003615,-1
WO-0003616,0
WO-0003617,-1
WO-0003618,-1
WO-0003619,-1
WO-0003620,-1
WO-0003621,0
WO-0003622,-1
WO-0003623,0
WO-0003624,-1
WO-0003625,-1
WO-0003626,-1
WO-0003627,-1
WO-0003628,0
WO-0003629,0
WO-0003630,0
WO-0003631,0
WO-0003632,-1
WO-0003633,-1
WO-0003634,-1
WO-0003635,-1
WO-0003636,-1
WO-0003637,-1
WO-0003638,-1
WO-0003639,-1
WO-0003640,-1
WO-0003641,-1
WO-0003642,-1
WO-0003643,-1
WO-0003644,-1
WO-0003645,-1
WO-0003646,-1
WO-0003647,-1
WO-0003648,-1
WO-0003649,-1
WO-0003650,-1
WO-0003651,-1
WO-0003652,-1
WO-0003653,0
WO-0003654,-1
WO-0003655,-1
WO-0003656,-1
WO-0003657,-1
WO-0003658,-1
WO-0003659,0
WO-0003660,-1
WO-0003661,-1
WO-0003662,-1
WO-0003663,-1
WO-0003664,0
WO-0003665,-1
WO-0003666,-1
WO-0003667,0
WO-0003668,-1
WO-0003669,-1
WO-0003670,-1
WO-0003671,-1
WO-0003672,0
WO-0003673,-1
WO-0003674,0
WO-0003675,-1
WO-0003676,-1
WO-0003677,-1
WO-0003678,-1
WO-0003679,-1
WO-0003680,-1
WO-0003681,-1
WO-0003682,-1
WO-0003683,-1
WO-0003684,-1
WO-0003685,-1
WO-0003686,-1
WO-0003687,-1
WO-0003688,0
WO-0003689,-1
WO-0003690,-1
WO-0003691,-1
WO-0003692,-1
WO-0003693,-1
WO-0003694,-1
WO-0003695,-1
WO-0003696,-1
WO-0003697,-1
WO-0003698,-1
WO-0003699,0
WO-0003700,-1
WO-0003701,-1
WO-0003702,-1
WO-0003703,-1
WO-0003704,-1
WO-0003705,-1
WO-0003706,-1
WO-0003707,-1
WO-0003708,-1
WO-0003709,-1
WO-0003710,-1
WO-0003711,-1
WO-0003712,-1
WO-0003713,-1
WO-0003714,-1
WO-0003715,0
WO-0003716,-1
WO-0003717,-1
WO-0003718,-1
WO-0003719,-1
WO-0003720,-1
WO-0003721,-1
WO-0003722,0
WO-0003723,-1
WO-0003724,-1
WO-0003725,-1
WO-0003726,-1
WO-0003727,-1
WO-0003728,-1
WO-0003729,0
WO-0003730,-1
WO-0003731,-1
WO-0003732,-1
WO-0003733,-1
WO-0003734,-1
WO-0003735,-1
WO-0003736,-1
WO-0003737,-1
WO-0003738,-1
WO-0003739,-1
WO-0003740,-1
WO-0003741,-1
WO-0003742,-1
WO-0003743,-1
WO-0003744,-1
WO-0003745,-1
WO-0003746,-1
WO-0003747,-1
WO-0003748,-1
WO-0003749,-1
WO-0003750,-1
WO-0003751,-1
WO-0003752,-1
WO-0003753,-1
WO-0003754,-1
WO-0003755,-1
WO-0003756,-1
WO-0003757,-1
WO-0003758,-1
WO-0003759,-1
WO-0003760,-1
WO-0003761,-1
WO-0003762,-1
WO-0003763,-1
WO-0003764,-1
WO-0003765,-1
WO-0003766,-1
WO-0003767,-1
WO-0003768,-1
WO-0003769,0
WO-0003770,0
WO-0003771,-1
WO-0003772,-1
WO-0003773,-1
WO-0003774,-1
WO-0003775,-1
WO-0003776,-1
WO-0003777,-1
WO-0003778,-1
WO-0003779,0
WO-0003780,-1
WO-0003781,-1
WO-0003782,0
WO-0003783,-1
WO-0003784,-1
WO-0003785,-1
WO-0003786,-1
WO-0003787,-1
WO-0003788,-1
WO-0003789,0
WO-0003790,-1
WO-0003791,-1
WO-0003792,0
WO-0003793,-1
WO-0003794,-1
WO-0003795,-1
WO-0003796,-1
WO-0003797,-1
WO-0003798,0
WO-0003799,0
WO-0003800,-1
WO-0003801,-1
WO-0003802,-1
WO-0003803,-1
WO-0003804,0
WO-0003805,-1
WO-0003806,-1
WO-0003807,-1
WO-0003808,-1
WO-0003809,-1
WO-0003810,-1
WO-0003811,-1
WO-0003812,-1
WO-0003813,-1
WO-0003814,-1
WO-0003815,-1
WO-0003816,-1
WO-0003817,-1
WO-0003818,-1
WO-0003819,-1
WO-0003820,0
WO-0003821,-1
WO-0003822,-1
WO-0003823,-1
WO-0003824,-1
WO-0003825,-1
WO-0003826,-1
WO-0003827,-1
WO-0003828,0
WO-0003829,-1
WO-0003830,-1
WO-0003831,-1
WO-0003832,-1
WO-0003833,-1
WO-0003834,-1
WO-0003835,-1
WO-0003836,-1
WO-0003837,-1
WO-0003838,-1
WO-0003839,-1
WO-0003840,-1
WO-0003841,-1
WO-0003842,-1
WO-0003843,0
WO-0003844,-1
WO-0003845,-1
WO-0003846,-1
WO-0003847,-1
WO-0003848,-1
WO-0003849,-1
WO-0003850,-1
WO-0003851,-1
WO-0003852,-1
WO-0003853,-1
WO-0003854,0
WO-0003855,-1
WO-0003856,-1
WO-0003857,-1
WO-0003858,-1
WO-0003859,-1
WO-0003860,-1
WO-0003861,-1
WO-0003862,-1
WO-0003863,-1
WO-0003864,-1
WO-0003865,-1
WO-0003866,-1
WO-0003867,-1
WO-0003868,-1
WO-0003869,-1
WO-0003870,0
WO-0003871,-1
WO-0003872,-1
WO-0003873,0
WO-0003874,-1
WO-0003875,-1
WO-0003876,-1
WO-0003877,-1
WO-0003878,-1
WO-0003879,-1
WO-0003880,-1
WO-0003881,-1
WO-0003882,-1
WO-0003883,-1
WO-0003884,-1
WO-0003885,-1
WO-0003886,-1
WO-0003887,-1
WO-0003888,-1
WO-0003889,-1
WO-0003890,-1
WO-0003891,-1
WO-0003892,0
WO-0003893,-1
WO-0003894,-1
WO-0003895,-1
WO-0003896,-1
WO-0003897,0
WO-0003898,-1
WO-0003899,0
WO-0003900,-1
WO-0003901,-1
WO-0003902,-1
WO-0003903,0
WO-0003904,-1
WO-0003905,-1
WO-0003906,-1
WO-0003907,-1
WO-0003908,-1
WO-0003909,-1
WO-0003910,-1
WO-0003911,-1
WO-0003912,-1
WO-0003913,-1
WO-0003914,-1
WO-0003915,0
WO-0003916,-1
WO-0003917,-1
WO-0003918,-1
WO-0003919,-1
WO-0003920,-1
WO-0003921,-1
WO-0003922,-1
WO-0003923,-1
WO-0003924,-1
WO-0003925,-1
WO-0003926,-1
WO-0003927,-1
WO-0003928,-1
WO-0003929,-1
WO-0003930,-1
WO-0003931,-1
WO-0003932,-1
WO-0003933,-1
WO-0003934,-1
WO-0003935,-1
WO-0003936,-1
WO-0003937,-1
WO-0003938,-1
WO-0003939,-1
WO-0003940,-1
WO-0003941,-1
WO-0003942,-1
WO-0003943,-1
WO-0003944,-1
WO-0003945,0
WO-0003946,-1
WO-0003947,-1
WO-0003948,-1
WO-0003949,-1
WO-0003950,-1
WO-0003951,-1
WO-0003952,-1
WO-0003953,-1
WO-0003954,-1
WO-0003955,-1
WO-0003956,0
WO-0003957,-1
WO-0003958,-1
WO-0003959,-1
WO-0003960,-1
WO-0003961,-1
WO-0003962,-1
WO-0003963,-1
WO-0003964,-1
WO-0003965,0
WO-0003966,-1
WO-0003967,-1
WO-0003968,-1
WO-0003969,-1
WO-0003970,-1
WO-0003971,-1
WO-0003972,-1
WO-0003973,0
WO-0003974,-1
WO-0003975,-1
WO-0003976,-1
WO-0003977,-1
WO-0003978,-1
WO-0003979,-1
WO-0003980,-1
WO-0003981,-1
WO-0003982,-1
WO-0003983,-1
WO-0003984,-1
WO-0003985,-1
WO-0003986,-1
WO-0003987,-1
WO-0003988,-1
WO-0003989,-1
WO-0003990,-1
WO-0003991,-1
WO-0003992,-1
WO-0003993,-1
WO-0003994,-1
WO-0003995,-1
WO-0003996,0
WO-0003997,-1
WO-0003998,0
WO-0003999,0
